,weight,reward,x
0,0.0,811.5211448469805,2.024840903210051
1,0.001,789.0646886002845,1.9582658901567533
2,0.002,806.5177224807283,2.0211625016261814
3,0.003,809.6401382530986,2.0223308255747066
4,0.004,792.2510084703105,1.936355144358837
5,0.005,804.4878250670879,1.9791421304509604
6,0.006,809.9177069539875,2.0083936493640775
7,0.007,801.7103863790586,2.0007495774034156
8,0.008,798.5160221816361,1.9547167605340703
9,0.009,790.6377336552622,1.9450903592957036
10,0.01,808.9860787989707,2.015250245195179
11,0.011,789.6973620579088,1.9360918029983119
12,0.012,810.3293132425587,2.0309035450674537
13,0.013,800.8576014314633,1.970271253482307
14,0.014,804.4092001800395,2.0018316866417285
15,0.015,796.8199082296546,1.959313463353889
16,0.016,798.2429104984514,1.9756194377038168
17,0.017,799.4349201984149,1.9902918665306035
18,0.018,798.7564819799359,1.9704511723169553
19,0.019,793.3489868616426,1.9678637223497593
20,0.02,798.0232897059057,1.979424511711763
21,0.021,794.766527113598,1.9462938213510368
22,0.022,785.5758762541894,1.8641620232902298
23,0.023,806.9203903862337,2.0209738174959657
24,0.024,815.4929961015832,2.063558824506983
25,0.025,789.8349524020537,1.9295781399162515
26,0.026,806.1581135716302,1.9773853879678638
27,0.027,787.5853687721832,1.9116158379653632
28,0.028,781.5897133202947,1.881319810938283
29,0.029,798.9138938977864,1.9524855030147337
30,0.03,806.0525911895965,1.983158831473876
31,0.031,806.3220602873898,2.0038211776774792
32,0.032,803.8284455789601,1.9736789799629482
33,0.033,799.3632153943843,1.9332064380786778
34,0.034,785.4332709196823,1.857552569323897
35,0.035,811.3529583297677,2.0109662900364125
36,0.036,795.7973468785867,1.9573554399286426
37,0.037,804.5319903790542,1.9849464324397357
38,0.038,808.470486756375,1.998972377687486
39,0.039,789.0999552402741,1.8925835816818104
40,0.04,800.1388298753897,2.0050156441783495
41,0.041,801.5803724797448,1.9514815817827307
42,0.042,796.8819550223101,1.9486821561949974
43,0.043,790.3649560463209,1.8912133609060857
44,0.044,782.204659040632,1.8876100764706634
45,0.045,797.0518558426917,1.9289999802420694
46,0.046,800.2494276573493,1.9678051041504394
47,0.047,790.4023281082332,1.8853313565474215
48,0.048,812.1919157715919,1.9990316029235855
49,0.049,793.9252704511459,1.9120643660802032
50,0.05,799.1420659266021,1.943395883068447
51,0.051,784.609267721273,1.868976034782022
52,0.052,791.111335176461,1.900541570892519
53,0.053,813.072770652504,2.015597118595314
54,0.054,792.6259990736514,1.8997983683312336
55,0.055,783.7720175332385,1.8541978999777304
56,0.056,797.8340380135637,1.9365814663423968
57,0.057,782.9058113093162,1.8237352264084061
58,0.058,811.7127715271674,2.0054952958712775
59,0.059,772.2411494824178,1.7822646525893802
60,0.06,793.6964072408392,1.931177655694437
61,0.061,809.0070772337879,2.006939773319703
62,0.062,796.3624557200045,1.9155580943250918
63,0.063,784.5517588027035,1.852514148301841
64,0.064,782.7990346270649,1.8494345509080807
65,0.065,793.2651380018833,1.9106324154594418
66,0.066,787.3670817225491,1.8906304158611063
67,0.067,799.7066581824846,1.9251349002726976
68,0.068,802.3361797323746,1.9227958982953317
69,0.069,783.6229019464549,1.8319799606552725
70,0.07,790.8653162925102,1.8838436127101506
71,0.071,807.125750682162,1.980436678542992
72,0.072,802.1069089333622,1.927771901841197
73,0.073,776.7072019731928,1.8097823216655669
74,0.074,784.4432826308513,1.8622952157922743
75,0.075,803.0599256332084,1.9578943921000276
76,0.076,792.1748559555936,1.865349097162708
77,0.077,802.5558484691401,1.9552404414732711
78,0.078,786.9008609454919,1.86703377478157
79,0.079,769.9612375366117,1.7493161715717702
80,0.08,782.7889679033865,1.8380930887758187
81,0.081,784.5878734348007,1.853170929839018
82,0.082,772.4461754847783,1.7947211885177494
83,0.083,801.0457333795313,1.9318861959481881
84,0.084,780.4286490287307,1.8419608686429785
85,0.085,773.1950916012676,1.8005427091924726
86,0.086,769.1139625669991,1.7732307183123384
87,0.087,781.2594411119691,1.8264067339103873
88,0.088,770.9180526325209,1.7731726584203278
89,0.089,773.1340531423094,1.7860153842993276
90,0.09,780.467915212651,1.8191526553744475
91,0.091,784.3831651806171,1.8314356123425326
92,0.092,771.6935553016032,1.7727095256153274
93,0.093,766.2388719254515,1.7542158962506822
94,0.094,779.2259720518878,1.79545278244062
95,0.095,776.0134195732621,1.7994996831466683
96,0.096,770.4071380671951,1.7681573494085505
97,0.097,780.2998137237436,1.8179947468974251
98,0.098,767.5711144834444,1.7482831252049913
99,0.099,784.1624797551517,1.8323197800273032
100,0.1,772.6615842544635,1.7993425744287403
101,0.101,777.4471570955462,1.8150229639753246
102,0.102,756.5376058740762,1.68330154748947
103,0.103,756.2049308752665,1.723786379672913
104,0.104,756.3313118425307,1.6601751009351524
105,0.105,781.3242617515302,1.8294339484137667
106,0.106,778.09938148762,1.7758571267898435
107,0.107,762.1800218764679,1.7253859203725959
108,0.108,771.1040933357561,1.778694150868041
109,0.109,769.4015170663471,1.7375997090769448
110,0.11,768.7539391126073,1.7764476761525232
111,0.111,748.5130175750212,1.649020118420193
112,0.112,754.9119983905688,1.661684069684906
113,0.113,761.7840320458779,1.7212532087946146
114,0.114,743.149662989415,1.6127032431942216
115,0.115,754.4031824665008,1.7112848903852889
116,0.116,770.2587792873678,1.755204718019885
117,0.117,735.323663099497,1.5940694925527727
118,0.118,760.362759206841,1.700861655424369
119,0.119,770.5727721068096,1.757250356354814
120,0.12,740.97288826638,1.6024803676617683
121,0.121,746.1160543494492,1.6596193051707828
122,0.122,740.5989361897387,1.6080125600740303
123,0.123,769.5039906127134,1.7631559370942815
124,0.124,742.0687692112056,1.6351729860765931
125,0.125,756.3954534002042,1.6673402972074103
126,0.126,741.4341002760648,1.6180664320046745
127,0.127,718.2416820995039,1.5000663994452292
128,0.128,745.1108478789669,1.6295605002518354
129,0.129,753.2202339564759,1.6849970323966814
130,0.13,734.6163065112023,1.5976947450028955
131,0.131,750.5652829705396,1.671009255810023
132,0.132,756.8173388067269,1.687852639692871
133,0.133,728.0052918444059,1.5396887202876224
134,0.134,723.9018365298897,1.5258165890448119
135,0.135,763.8254552155217,1.728263218176502
136,0.136,735.7036834011861,1.5720501417081
137,0.137,743.4920078195242,1.6039185159467375
138,0.138,728.2465088812769,1.5311859821293121
139,0.139,725.2846640339048,1.517798554396426
140,0.14,733.8529923616929,1.5743697840796484
141,0.141,740.3811019378564,1.6320597299025057
142,0.142,750.2263027361229,1.6434398540609378
143,0.143,741.0604704514075,1.6032646427833264
144,0.144,727.4730305552475,1.5449306315440499
145,0.145,725.1164244837261,1.536404440172263
146,0.146,707.7915764249763,1.4556106922154022
147,0.147,730.9308036780582,1.568052087120335
148,0.148,747.3098776413472,1.6357653996848334
149,0.149,705.6819062777221,1.4315587218516526
150,0.15,727.2644007811739,1.5292188825603583
151,0.151,720.5781368525688,1.4807418113516715
152,0.152,722.1891541060569,1.4904862417317597
153,0.153,712.0075591727611,1.4603664267802083
154,0.154,747.5236719127149,1.6598612029939799
155,0.155,723.9812408413164,1.4875228694884377
156,0.156,760.6920045798645,1.6943263867212834
157,0.157,721.7573223247599,1.4735005507572105
158,0.158,727.5409241512742,1.520967018975336
159,0.159,722.0621939482586,1.505675539830769
160,0.16,726.2417934738548,1.4836466167329356
161,0.161,714.8588220318263,1.4518534245745711
162,0.162,735.09013137706,1.5378384134626089
163,0.163,744.2215050537812,1.6306726073116324
164,0.164,710.425098451557,1.409267993459115
165,0.165,701.8206007739993,1.3867044543496474
166,0.166,696.4035032625225,1.385567146610109
167,0.167,691.3396905633124,1.3325924283707742
168,0.168,700.862549377109,1.379781382644891
169,0.169,703.6197909120237,1.3884232844820168
170,0.17,715.7599550130277,1.481951417467893
171,0.171,701.9669752809601,1.4154896287224152
172,0.172,707.3442046578878,1.3889541042921536
173,0.173,718.4663790003947,1.4742654086825535
174,0.174,693.5773710078082,1.312824866762929
175,0.175,675.0491501135048,1.238753176501502
176,0.176,676.8050547707423,1.2732682685973407
177,0.177,699.2209590839368,1.342227238842212
178,0.178,677.3361960126686,1.2518858550559129
179,0.179,703.5072499079462,1.3524218445093508
180,0.18,677.7458388665764,1.2623240554821227
181,0.181,685.7388446693597,1.272522800557183
182,0.182,683.4671393488338,1.286202945430469
183,0.183,678.375909939999,1.2359810065569876
184,0.184,680.8247083651461,1.256269591961609
185,0.185,676.4890438996215,1.2956404747118975
186,0.186,702.7743846652693,1.3712249614348373
187,0.187,689.6747231494492,1.2985074394887297
188,0.188,664.4320639905402,1.1820362146342374
189,0.189,677.9853322810094,1.3052233298005038
190,0.19,664.0492890269996,1.1796063438040016
191,0.191,674.3073124813545,1.2659149777008816
192,0.192,674.4829871980503,1.2112825437806243
193,0.193,676.7547901157247,1.2042314629145845
194,0.194,699.6185775452667,1.3576254080556445
195,0.195,672.1949549076097,1.2031561556619628
196,0.196,693.0262599804312,1.323957486652851
197,0.197,678.6367156437387,1.2589792760599263
198,0.198,681.860284700225,1.26952535119094
199,0.199,669.3792653292336,1.1562230471991133
200,0.2,655.9562284360092,1.1387860217256554
201,0.201,666.1592961092666,1.1916878027902829
202,0.202,653.3747612982074,1.0884365629289614
203,0.203,672.0908757718495,1.2256456417468937
204,0.204,674.8474290548957,1.2803826193044427
205,0.205,665.0836536239333,1.124037043485403
206,0.206,689.6945357669738,1.302837576634765
207,0.207,658.5944827870088,1.1437664710645394
208,0.208,680.5372073334769,1.2657255978158237
209,0.209,663.5091192546035,1.1620160525896293
210,0.21,654.0570557661857,1.0827273328389124
211,0.211,661.1081151323715,1.1856047265349774
212,0.212,667.9345851511878,1.2222750431878084
213,0.213,646.0218593093725,1.074663035440352
214,0.214,674.5921160824702,1.2113265813918124
215,0.215,639.9157495691093,1.0073718803563303
216,0.216,645.4650716146507,1.0827405231667782
217,0.217,621.514971270284,0.8963018341877277
218,0.218,633.4079114115534,0.9603552371288387
219,0.219,658.5370418581077,1.205772926720106
220,0.22,659.0165472090773,1.1314578370145496
221,0.221,638.2777939852876,0.9896285742936045
222,0.222,634.193779973305,1.0363471058041462
223,0.223,650.1974971691037,1.1207384832612863
224,0.224,637.957234466993,1.0176720574189473
225,0.225,624.0630126071192,1.0511486550753837
226,0.226,643.9960081633805,1.0987223041006704
227,0.227,662.3394903158224,1.1658480744211914
228,0.228,658.109471768054,1.1244161896138112
229,0.229,629.9793030917835,0.9677664296735893
230,0.23,606.8696841161748,0.8160865811122954
231,0.231,612.2885414938049,0.8845393315470162
232,0.232,609.0019278274394,0.8537259410314147
233,0.233,622.8818964746303,0.8946742654780435
234,0.234,634.2750260780911,1.0653083773371559
235,0.235,632.1368001978134,0.9506914803658129
236,0.236,618.1660081687112,0.9487225332424769
237,0.237,631.2440184267801,1.0651047499888482
238,0.238,598.5369637154569,0.7474722562591702
239,0.239,604.409200023832,0.8151653029589885
240,0.24,617.2520091885372,0.8825410630337909
241,0.241,613.3402930115735,0.93439799529261
242,0.242,610.9650949684038,0.8989238530990094
243,0.243,604.3276190147815,0.7656238416701013
244,0.244,606.7219732698311,0.8375277927132847
245,0.245,616.6773868195181,0.8896532988356276
246,0.246,610.7058084350184,0.944983076394761
247,0.247,613.8653930610398,0.9030287761628242
248,0.248,617.4775372263894,0.8907201542170575
249,0.249,599.9516497982188,0.7694794474006038
250,0.25,608.1571938493003,0.8675466427360662
251,0.251,603.7336818358457,0.773628763834504
252,0.252,620.9669743215095,0.9244940619698766
253,0.253,589.4592686797264,0.7611644314570946
254,0.254,596.1539732288654,0.7352587154965142
255,0.255,600.6661982992188,0.7559702490085634
256,0.256,600.8126604230334,0.7346073684362814
257,0.257,605.0291232905641,0.8806393998083989
258,0.258,584.144375272107,0.6766504106776792
259,0.259,602.5281894850557,0.7934522358834564
260,0.26,587.0558899756548,0.674204456939515
261,0.261,587.1760104661715,0.6427348943633735
262,0.262,579.3817345027802,0.6943840275357325
263,0.263,583.08952541958,0.6734039057585904
264,0.264,591.1967814446917,0.7314752217696223
265,0.265,584.9488473024569,0.6517353492426177
266,0.266,594.5771639663809,0.7658044007978375
267,0.267,578.9048243879497,0.6448110460207815
268,0.268,559.9732616464867,0.5390631626890942
269,0.269,573.3907551648917,0.6089053827122055
270,0.27,594.057409084037,0.7487925766265646
271,0.271,594.8034034146424,0.7190872279570852
272,0.272,573.5325140024656,0.5769981255224098
273,0.273,592.2388381511106,0.7108905982615618
274,0.274,564.756013899386,0.6272318514341391
275,0.275,562.9901130422486,0.5572826114426902
276,0.276,591.673526334725,0.7372049623462658
277,0.277,562.4572246165387,0.5546827521107605
278,0.278,551.0141950042046,0.5211266799993425
279,0.279,563.8461605969293,0.5850211227845825
280,0.28,564.8930445233141,0.5889254992357211
281,0.281,580.4155861597881,0.6465558959870805
282,0.282,580.9574858777405,0.627990256186442
283,0.283,550.9636151779063,0.49233139121695607
284,0.284,578.0568106096922,0.6548735525427807
285,0.285,556.5741604620133,0.540281132717204
286,0.286,557.3969070139553,0.5351122269038444
287,0.287,576.0581318569734,0.6368027154011273
288,0.288,567.0966612438418,0.605661590396217
289,0.289,574.7809088884541,0.6134601486246527
290,0.29,564.7013481150443,0.5916331008698382
291,0.291,567.4060339034854,0.538464615971486
292,0.292,551.2223736418885,0.5386345796122944
293,0.293,568.5327678701194,0.5969019180171294
294,0.294,563.6372860246156,0.5268566068918308
295,0.295,547.2690012230835,0.5059340661697718
296,0.296,598.5813006670008,0.7477666223115846
297,0.297,558.765569706956,0.5555169230563077
298,0.298,569.1692874918114,0.6328655055092437
299,0.299,578.8057040093139,0.6712933821047241
300,0.3,545.2521227502741,0.47535468628450506
301,0.301,557.7279922202181,0.5613516770162448
302,0.302,570.3609547406143,0.5995627819292145
303,0.303,574.7574092744326,0.6121815331549002
304,0.304,572.3334701109833,0.5853900671952076
305,0.305,578.7504883522324,0.6181314203191688
306,0.306,546.1584222491117,0.4460907712067574
307,0.307,578.5874584143648,0.6359304352273932
308,0.308,541.9428760038815,0.4729811610996017
309,0.309,552.4947923209486,0.5015309950520837
310,0.31,575.7750932941742,0.6058374670847338
311,0.311,574.6273449569554,0.5927126157629686
312,0.312,569.1329553137218,0.6006283282608342
313,0.313,569.2126142955382,0.5851470232118275
314,0.314,576.6902602734683,0.5938432323642208
315,0.315,587.9845735135494,0.6807157223023619
316,0.316,535.6382915418907,0.41774080487045995
317,0.317,566.8263768860619,0.5571438067095866
318,0.318,570.3173395772058,0.5854056539854114
319,0.319,546.3913599142614,0.4471996949883936
320,0.32,590.0835429549317,0.6630602598310261
321,0.321,574.7409621119067,0.6364296700545871
322,0.322,562.386750561076,0.5623740320757895
323,0.323,574.1409162974567,0.6154277174526428
324,0.324,585.1771261968778,0.6642509342277976
325,0.325,567.5278752652542,0.585572441621368
326,0.326,566.0727940311916,0.5757354918008002
327,0.327,561.5509825350978,0.5506966811887788
328,0.328,574.6466719175373,0.6046335196922893
329,0.329,560.359404038181,0.5185635447188602
330,0.33,537.5642380884126,0.43401963047273784
331,0.331,562.3845449542123,0.5436343877808779
332,0.332,557.8092735508894,0.484397972111219
333,0.333,566.2740627644245,0.549157535512063
334,0.334,557.5023700052685,0.5006492064276254
335,0.335,553.1248958392358,0.48440779475711193
336,0.336,553.3719311747661,0.4625618372912242
337,0.337,597.0027775159754,0.7130182458453228
338,0.338,540.6002156310287,0.45011932977124464
339,0.339,574.5645017527407,0.6170371396355359
340,0.34,564.2626141226995,0.5603735072434698
341,0.341,570.4280413014837,0.5874543611185293
342,0.342,564.0961952598375,0.5464039271148888
343,0.343,608.8132117880726,0.7491111722520484
344,0.344,577.4796772761422,0.577750669625735
345,0.345,578.1395159422207,0.6040354303808251
346,0.346,556.2632481829846,0.4863438548702535
347,0.347,549.7161135071046,0.47637893899361955
348,0.348,533.241006433284,0.39176946668995266
349,0.349,555.7025005090995,0.5245559868044828
350,0.35,562.561662287809,0.5464861883316494
351,0.351,533.3749914980104,0.35808926836686633
352,0.352,564.1508564625451,0.5403449595843249
353,0.353,536.2498555324149,0.35024752572363627
354,0.354,535.060698749886,0.34436012040237396
355,0.355,521.9481419547344,0.2883020703714282
356,0.356,579.0391426149298,0.529895299173257
357,0.357,538.4144320135007,0.37515301443119276
358,0.358,529.8437368614594,0.3420458380865379
359,0.359,503.06863514214746,0.20942881042762368
360,0.36,555.9096248018275,0.5236202212676261
361,0.361,504.51520711009647,0.19025831674264737
362,0.362,525.2467908510475,0.2824639221288362
363,0.363,511.5791952510022,0.23563828683296983
364,0.364,522.1143965684316,0.2601485259713518
365,0.365,531.3411500017265,0.3073958762092112
366,0.366,540.2533101733202,0.3424821049973152
367,0.367,546.8974248011266,0.38338197930491597
368,0.368,558.0953571826169,0.4962489681531424
369,0.369,595.2329545739635,0.670559257128596
370,0.37,580.5020095059855,0.5943220600101076
371,0.371,529.9784536678945,0.33300496081682657
372,0.372,510.30012983339867,0.2237671108676229
373,0.373,510.88892390322843,0.21931726800648793
374,0.374,540.4626833761528,0.40054390554232283
375,0.375,568.1121765594625,0.5015924900323847
376,0.376,483.86001964607686,0.15916178195612363
377,0.377,497.9873922580859,0.21034107436215746
378,0.378,550.0898946911497,0.43416934859889234
379,0.379,485.76959145117934,0.14612182736577561
380,0.38,541.279073639402,0.3564198694042636
381,0.381,514.6906225359646,0.245247627590287
382,0.382,513.1430493352962,0.24398317636886566
383,0.383,503.0181039343052,0.1901553953308945
384,0.384,554.3228255196959,0.41742430802750885
385,0.385,543.5467611298179,0.3856408603419465
386,0.386,593.5637378372392,0.6157458636116558
387,0.387,559.5335741798763,0.48744115599815924
388,0.388,509.9720486972578,0.22541663809003798
389,0.389,543.4100275476085,0.3723269176777753
390,0.39,492.7460265574295,0.1506965528984353
391,0.391,595.4233934206613,0.6734987921141017
392,0.392,522.2750842187864,0.28790245704868966
393,0.393,529.9859547639974,0.3049443699992278
394,0.394,577.2985558407204,0.6753619199673753
395,0.395,538.1391244637845,0.34331168663739664
396,0.396,558.9002534425689,0.47853937257457385
397,0.397,500.5552008203355,0.23054570811233913
398,0.398,632.8346720344451,0.7980434114421051
399,0.399,573.6521450413184,0.5712539640072166
400,0.4,523.5585359435448,0.3118476401131204
401,0.401,489.3722450142715,0.16347591221857188
402,0.402,623.2327791094903,0.7444806090380777
403,0.403,515.7140360320561,0.27257155568604546
404,0.404,588.8116505759361,0.6162646961559861
405,0.405,503.37411289714373,0.2146535123406455
406,0.406,531.4966763426755,0.3267371094530579
407,0.407,550.7414884746804,0.45717398725266656
408,0.408,498.775944338312,0.220330968940829
409,0.409,536.9994966026637,0.37534932670226967
410,0.41,707.4005570918744,1.3536146579572659
411,0.411,572.1450894872145,0.5486158870878621
412,0.412,703.4741879501062,1.2128500587693443
413,0.413,630.961563824059,0.8541366289999002
414,0.414,520.7471290127506,0.2997164144272813
415,0.415,542.4884736296125,0.409802585342838
416,0.416,606.9694583648699,0.7653866919544423
417,0.417,535.024376314785,0.3717830807306112
418,0.418,573.0861093497757,0.570902169183357
419,0.419,556.6659176574377,0.4970786151718663
420,0.42,607.0234221977747,0.704646966914217
421,0.421,595.6520256688045,0.6783777531680816
422,0.422,596.7861246129805,0.6802624089461479
423,0.423,542.9927466992655,0.41255285802624403
424,0.424,526.4595440912369,0.3325552255664886
425,0.425,618.4419771472928,0.8509058541687231
426,0.426,559.275166981581,0.5172136937399352
427,0.427,562.3195130021337,0.5166429087621699
428,0.428,584.8743120079912,0.6204487767872625
429,0.429,564.326666685027,0.5219103146265455
430,0.43,749.7567805091753,1.4966631650075495
431,0.431,784.1883943855852,1.6039787419807567
432,0.432,529.802156499314,0.36474045420946255
433,0.433,541.3943352130733,0.43137632487691735
434,0.434,667.611937152779,0.8914471880329327
435,0.435,647.2300610976217,0.9717409471456853
436,0.436,527.8581329807953,0.3612019325110893
437,0.437,563.9418859447841,0.5752954288093604
438,0.438,509.9934702198471,0.30810318185387214
439,0.439,748.8964056869452,1.6109121444467822
440,0.44,552.4968719159804,0.5143777505112761
441,0.441,653.8370228416768,1.003834478396111
442,0.442,529.3225062448682,0.3906655461821581
443,0.443,579.3322217951992,0.6184830340094766
444,0.444,580.515716578513,0.6615174880440756
445,0.445,549.0084436995726,0.5041316879141062
446,0.446,595.2689922542277,0.7212889405044517
447,0.447,559.9113815852836,0.5380713597485245
448,0.448,575.8751845157316,0.6182375142134217
449,0.449,549.8972186892973,0.4931722133669617
450,0.45,678.381592869697,1.102478500496004
451,0.451,607.4139214046992,0.8180009530712049
452,0.452,777.8376369408317,1.5796821307092326
453,0.453,853.3740018201336,2.0716298704185516
454,0.454,598.547053182588,0.8219550195573265
455,0.455,637.403127788665,0.914567657580658
456,0.456,543.8899279015607,0.5144965649962481
457,0.457,904.275050464624,2.621350631302099
458,0.458,568.3459817398996,0.6439292559821292
459,0.459,593.607186061107,0.7612790009750615
460,0.46,871.7451286408084,2.153414979848796
461,0.461,516.3911025630148,0.43099338490989875
462,0.462,576.485727256448,0.6936286713111688
463,0.463,619.0743479016085,0.9727201004285216
464,0.464,605.5343957458987,0.8690658782891753
465,0.465,567.0922393153772,0.709843348214108
466,0.466,888.8621369344858,2.335457837626898
467,0.467,580.0069525867812,0.7136088040251064
468,0.468,603.8060355679431,0.8860099708243481
469,0.469,586.3249794421389,0.8599756662149259
470,0.47,635.3007981403572,1.1529628359590887
471,0.471,941.7580105855841,2.749888810115885
472,0.472,633.5367916633653,1.0246581500919831
473,0.473,624.9527132181149,0.9482395638910516
474,0.474,582.4017873906565,0.8042302815109826
475,0.475,636.327457175286,1.0787182854463917
476,0.476,557.2418586611645,0.6500525825115956
477,0.477,581.0267783883049,0.7725477261414369
478,0.478,604.7591550435595,0.9117987245120251
479,0.479,581.185379978579,0.8374930508419626
480,0.48,595.7366848451553,0.8474399390644098
481,0.481,1019.0292763314926,3.036905204997353
482,0.482,905.8705740447572,2.409297712745101
483,0.483,890.9025886829379,2.3573182686707703
484,0.484,728.9469362832958,1.4826944731542226
485,0.485,862.8736203240705,2.1536311092939617
486,0.486,960.7049368768129,2.7035777564234316
487,0.487,639.6264559469711,1.089474123130911
488,0.488,627.3202751240543,0.9957055241923737
489,0.489,797.8027800530417,2.1194265772890493
490,0.49,666.8945671277428,1.3182984984997173
491,0.491,633.5945177078518,1.080018651416445
492,0.492,897.0754330081463,2.4406550760138206
493,0.493,1015.0535361928052,3.127246956636337
494,0.494,605.1844988305239,0.9117355919178223
495,0.495,838.8747429091311,2.0751131961561193
496,0.496,926.1630054535566,2.555597975639806
497,0.497,915.6925326456319,2.425153750353862
498,0.498,716.0054009915974,1.5932858792548872
499,0.499,616.5449631960269,1.050535529185917
500,0.5,630.3008064186943,1.1916351026368537
501,0.501,1006.2158481229396,3.0819216284009627
502,0.502,623.6392575898026,1.1335753699161997
503,0.503,870.6666659559789,2.278042131436758
504,0.504,943.8962109445147,2.694332276877756
505,0.505,1008.0988132008042,3.1283238339759745
506,0.506,1033.599824892233,3.1579258188239496
507,0.507,955.7003467482738,2.8312704757883425
508,0.508,985.9364517746372,2.94009743676229
509,0.509,970.0934856697194,2.806541793355828
510,0.51,1034.910671169279,3.1482077041757504
511,0.511,640.1299686485576,1.3342896807729174
512,0.512,1034.7629817936006,3.2521286726906937
513,0.513,983.081030618344,2.912884893025418
514,0.514,792.4604737549566,2.1569831253262817
515,0.515,1077.0717019149506,3.441237005151633
516,0.516,1047.8751880908558,3.345072703361047
517,0.517,1048.4119801150382,3.2980546304063
518,0.518,977.1711771796506,2.876927623131192
519,0.519,1022.6621796840224,3.0668613052564746
520,0.52,957.9732058013636,2.73134251021239
521,0.521,662.1330532397594,1.4167429522371695
522,0.522,951.340812017596,2.6346617789523945
523,0.523,978.1702402303177,2.857083900857893
524,0.524,1080.748270427845,3.4467934599168153
525,0.525,1096.2450692552775,3.499880477957702
526,0.526,1063.5442552602735,3.359433688175485
527,0.527,1119.51526641184,3.638503339278738
528,0.528,1098.168048799722,3.56965555262841
529,0.529,1047.310992818503,3.2909751565963434
530,0.53,1009.2767371122567,3.0494153200213616
531,0.531,1073.6956652933304,3.423779831539851
532,0.532,1014.395647366933,3.0795885242737513
533,0.533,1074.5129500283072,3.4686865903655546
534,0.534,1078.2784163655565,3.3603448604672614
535,0.535,998.538205112403,2.9961543997150386
536,0.536,1104.343251971928,3.571487709290043
537,0.537,1108.3352439246726,3.574728691696709
538,0.538,1102.6061513549319,3.5925857621693016
539,0.539,1088.8136584178694,3.5161512890140356
540,0.54,1075.0169093634972,3.4388088357541187
541,0.541,1105.7086758387159,3.58314419415552
542,0.542,1128.807243140716,3.7214053917644514
543,0.543,1110.0303738734926,3.609477756332641
544,0.544,1110.2053928854286,3.626027227399263
545,0.545,1044.264721326226,3.239435203563997
546,0.546,1130.3915210572486,3.7186935959801115
547,0.547,1096.5396909413794,3.5611244081756466
548,0.548,1137.1889958165773,3.7447945937619003
549,0.549,1099.2873436045847,3.5825581108435074
550,0.55,1106.8003868616217,3.564562879754451
551,0.551,1111.2620816434824,3.6049204526586722
552,0.552,1110.4114469693072,3.587270277888748
553,0.553,1117.3869979723759,3.6593256791883064
554,0.554,1127.8691715244374,3.7066858854525435
555,0.555,1135.687364132112,3.7426771384708775
556,0.556,1104.0358274573705,3.6002045765194017
557,0.557,1055.13198480507,3.3922401638432533
558,0.558,1156.5780135876437,3.8495531278526123
559,0.559,1146.2832520959043,3.784526035760083
560,0.56,1120.041599696798,3.7082065734238094
561,0.561,1121.6179286168751,3.674641055344678
562,0.562,1139.6521866374826,3.7194425276095844
563,0.563,1130.7194727606366,3.7378650753682314
564,0.564,1138.790964884165,3.752305950579376
565,0.565,1104.3241547312393,3.5097235565108513
566,0.566,1127.8604674495891,3.667616114555293
567,0.567,1134.3183819979054,3.692761909314435
568,0.568,1150.7692987733776,3.7852144743530727
569,0.569,1139.681939535225,3.7699048172109926
570,0.57,1137.2462901724316,3.7265124368592035
571,0.571,1121.3249790304787,3.6761524151929414
572,0.572,1141.0183689948124,3.764602821092515
573,0.573,1136.0954729907714,3.7164862571958164
574,0.574,1169.2061283968387,3.8759281448812883
575,0.575,1116.9720306628078,3.6648478532686353
576,0.576,1167.5534951482443,3.8867084096851903
577,0.577,1131.5789425284277,3.7268368928779982
578,0.578,1155.3880228702817,3.8303027595527768
579,0.579,1126.1265204639858,3.7227658003141912
580,0.58,1150.594395601437,3.7988677896284893
581,0.581,1158.0059604495495,3.8555310653684334
582,0.582,1139.2756266309623,3.7860989462724572
583,0.583,1143.2892493750062,3.8109992508735036
584,0.584,1139.714888971333,3.7320964954609765
585,0.585,1161.4994821632774,3.86273052609075
586,0.586,1145.007268710666,3.7879814060471366
587,0.587,1178.3719606123705,3.962463054310359
588,0.588,1172.62642329668,3.9442801321643257
589,0.589,1166.5992805482858,3.87698075823507
590,0.59,1154.7556367837792,3.8716523194255936
591,0.591,1151.18315235682,3.8050606305094394
592,0.592,1167.7685759675458,3.929754757032568
593,0.593,1131.4162595529633,3.753207462380772
594,0.594,1156.8608986361637,3.8334970656021157
595,0.595,1172.8273779678457,3.964394763163879
596,0.596,1163.2531638294583,3.9132484852778675
597,0.597,1168.2476285681662,3.907279628755938
598,0.598,1171.3255223262604,3.968043980292627
599,0.599,1204.1094942730783,4.123474242218069
600,0.6,1181.690364371053,3.9963131384578774
601,0.601,1208.120716439185,4.101180715988367
602,0.602,1172.918122744326,3.973020968441385
603,0.603,1196.9225583355505,4.078988045767673
604,0.604,1184.5178444547407,4.006392729028791
605,0.605,1177.1495434608757,3.9925076248273204
606,0.606,1204.2962293944704,4.116566559642028
607,0.607,1184.242805951778,3.956402179208174
608,0.608,1204.0643915660864,4.146546181430862
609,0.609,1167.1715025247097,3.9026646459636862
610,0.61,1194.5236452472136,4.097975072806202
611,0.611,1208.1084485179429,4.131930537846526
612,0.612,1192.3583096309496,4.119104101787947
613,0.613,1178.236913874745,3.9881875807891607
614,0.614,1183.4669384755102,4.029935610432373
615,0.615,1169.331966106719,3.945516192491576
616,0.616,1188.4564141299122,4.048599768762069
617,0.617,1210.7301030828569,4.1847627046711935
618,0.618,1216.6389790854623,4.172407277892161
619,0.619,1193.2957483603077,4.052636471711057
620,0.62,1197.9366356844814,4.098729638941405
621,0.621,1200.0453643110557,4.0934741736851885
622,0.622,1235.887099875622,4.292087993181897
623,0.623,1217.597734629714,4.172546313757877
624,0.624,1220.3351965538445,4.204284889223052
625,0.625,1243.9196395474728,4.334573836714618
626,0.626,1226.4489365371112,4.241725140512479
627,0.627,1213.1863428798943,4.194619698635262
628,0.628,1223.3581750879748,4.235584759213298
629,0.629,1208.3539151473153,4.173099032601855
630,0.63,1251.5305564207774,4.374473662595214
631,0.631,1218.8175534292807,4.190476124714496
632,0.632,1225.7187148178311,4.242770712700265
633,0.633,1202.8827257869857,4.155836394137044
634,0.634,1239.626052998585,4.333494290409273
635,0.635,1220.38284639963,4.218556660076206
636,0.636,1231.5057883064146,4.288425199821036
637,0.637,1234.1520196443166,4.2759886421145525
638,0.638,1231.4838729114147,4.2663125394078785
639,0.639,1247.295259627159,4.3642029995282625
640,0.64,1242.2467779380386,4.322129477339721
641,0.641,1238.1336437783034,4.343847232907827
642,0.642,1227.179786690809,4.257376430801147
643,0.643,1248.9847175321174,4.374087498028124
644,0.644,1272.257931899504,4.462073223863342
645,0.645,1257.4540603928685,4.409359960512004
646,0.646,1255.6306848838794,4.447304761156635
647,0.647,1231.1688541875255,4.28735744187135
648,0.648,1242.5113346868766,4.33438810069357
649,0.649,1220.1520900317603,4.228842265573781
650,0.65,1227.1836378761923,4.272154816736868
651,0.651,1247.2377111787237,4.356683784003969
652,0.652,1239.0600478417718,4.3348456239851245
653,0.653,1244.0052278697885,4.357949177621422
654,0.654,1244.5819313399227,4.3660172193712885
655,0.655,1253.0453618543243,4.417489500028054
656,0.656,1242.4768214838814,4.322398976959995
657,0.657,1249.7305687049839,4.375741124696193
658,0.658,1245.028016297942,4.327740936844788
659,0.659,1251.1168000113587,4.404541894782214
660,0.66,1250.043065534624,4.413245591796891
661,0.661,1257.761049795722,4.4347941212403885
662,0.662,1264.2306706718452,4.48094371927317
663,0.663,1260.4757674502769,4.449332774584596
664,0.664,1258.976883620619,4.4137417738136735
665,0.665,1243.1055154984242,4.355329247530051
666,0.666,1256.6528330074577,4.414584136046362
667,0.667,1252.03666732373,4.365214835890831
668,0.668,1250.8711651550825,4.3984098244021474
669,0.669,1252.4266332551053,4.381508956179248
670,0.67,1263.4661080944772,4.470949760765253
671,0.671,1255.4767681770418,4.422901990013696
672,0.672,1238.7797037635146,4.326930239530622
673,0.673,1256.1144524307201,4.4308300546030575
674,0.674,1244.7624971593953,4.36074814641885
675,0.675,1239.551771424702,4.3267257590264325
676,0.676,1271.4592098505116,4.4874457591514085
677,0.677,1267.894335216259,4.486300139020658
678,0.678,1262.880383842858,4.461133199058788
679,0.679,1244.8458451302383,4.354217580351092
680,0.68,1255.8384817970677,4.404539374643091
681,0.681,1277.5183796808162,4.497858500752322
682,0.682,1252.4982763807716,4.43114168658825
683,0.683,1267.7705224385072,4.48675611039651
684,0.684,1275.4744109822284,4.507225363062534
685,0.685,1262.8982502737194,4.41469779685169
686,0.686,1260.703164251365,4.389411975786291
687,0.687,1250.7148209839584,4.380045453252069
688,0.688,1245.831580187674,4.335774032288751
689,0.689,1277.8702547867347,4.518622607278518
690,0.69,1270.519130730623,4.488000930462179
691,0.691,1265.5126999486831,4.446853777251936
692,0.692,1264.467278400595,4.422527543461032
693,0.693,1266.2485810761996,4.426100763252581
694,0.694,1262.957799536915,4.424725957463312
695,0.695,1278.8068525241756,4.497064989301257
696,0.696,1236.077835081502,4.307194234173485
697,0.697,1267.3879581138356,4.423535206612966
698,0.698,1283.4537595173456,4.515081432271
699,0.699,1244.3526168118265,4.322390710205437
700,0.7,1267.5504095238973,4.4599950591797635
701,0.701,1251.729625454004,4.359330615873169
702,0.702,1258.7768664756745,4.409992788244267
703,0.703,1274.5009567432348,4.470757425893161
704,0.704,1293.7869643041008,4.569379940945931
705,0.705,1261.361163836711,4.413430079296313
706,0.706,1297.382458296589,4.63311048513505
707,0.707,1276.141353561409,4.537065444651525
708,0.708,1258.980449044884,4.419329971952186
709,0.709,1272.0673911420738,4.504838819305351
710,0.71,1254.4816977701928,4.385907168288812
711,0.711,1279.6426481534572,4.557157174643085
712,0.712,1268.015837630682,4.484638727649812
713,0.713,1271.7739511265672,4.545927750066976
714,0.714,1258.256357150483,4.454576654235078
715,0.715,1270.6934510038143,4.488063347389213
716,0.716,1279.4155850659115,4.542839309137966
717,0.717,1272.2106417281784,4.466440269845015
718,0.718,1279.9161179022146,4.550730653599785
719,0.719,1262.9893409263834,4.510668697956177
720,0.72,1268.1840935703437,4.546471560135083
721,0.721,1298.2135682357266,4.6718046983250225
722,0.722,1293.6628716576117,4.660707023496596
723,0.723,1305.7643396049382,4.727933437130734
724,0.724,1292.2370049896138,4.650423685077654
725,0.725,1297.6854212828887,4.64387118905418
726,0.726,1278.86743661724,4.579345354826592
727,0.727,1296.6298740560164,4.698663113824004
728,0.728,1280.369198563221,4.535450816228061
729,0.729,1279.53501895078,4.5732365381334406
730,0.73,1294.3514063675343,4.66610843055514
731,0.731,1283.7215311802847,4.610944614557642
732,0.732,1280.8252169205869,4.590172935261036
733,0.733,1277.7621847223293,4.515579349219296
734,0.734,1299.185709534551,4.684022128997727
735,0.735,1298.4395011842153,4.685791639432759
736,0.736,1288.8737225339544,4.6379187246088796
737,0.737,1293.9294844939784,4.716282902766527
738,0.738,1294.6895827970225,4.705346816752821
739,0.739,1306.8621478823936,4.767217212286001
740,0.74,1293.3437597572772,4.705233211050945
741,0.741,1308.8566394762297,4.763714885858365
742,0.742,1307.701209101314,4.768670328448977
743,0.743,1289.5640208631194,4.670222596174009
744,0.744,1296.0422163811309,4.74114222183978
745,0.745,1299.363464342394,4.670561676694401
746,0.746,1285.2711772200003,4.617697453430427
747,0.747,1302.1326873053883,4.743369240220632
748,0.748,1298.0434697833143,4.745521535534194
749,0.749,1290.0690252756826,4.643564270328737
750,0.75,1293.337049658163,4.678527669603251
751,0.751,1291.9757302669097,4.712930998344342
752,0.752,1313.1903197833074,4.799592326949611
753,0.753,1280.5249990335383,4.60476669094882
754,0.754,1296.739667142423,4.73396826045925
755,0.755,1262.0787553633706,4.558421024529316
756,0.756,1301.0641972770156,4.718386196814448
757,0.757,1287.9991921927617,4.65311648023239
758,0.758,1299.9595624073406,4.733926500384037
759,0.759,1287.2072692331735,4.683223585381242
760,0.76,1294.6684263954035,4.7100195172204185
761,0.761,1313.341187265622,4.785940662400816
762,0.762,1281.2154063708642,4.635139732015393
763,0.763,1313.464643254376,4.781507904493888
764,0.764,1310.0300618230106,4.796011285765232
765,0.765,1333.9237749243323,4.880747352211015
766,0.766,1317.587595993899,4.802883164915365
767,0.767,1311.9922676344527,4.7827799855660125
768,0.768,1300.7574125160554,4.717841093010754
769,0.769,1311.6432168772524,4.751558157903035
770,0.77,1313.4117654003558,4.776808186442616
771,0.771,1293.0984683845356,4.669011228547679
772,0.772,1298.5421172602357,4.728186039053759
773,0.773,1328.4033601891847,4.841640370977508
774,0.774,1294.9805748418075,4.659269439238169
775,0.775,1302.304369604227,4.702246586132696
776,0.776,1293.7001354220163,4.688247375664234
777,0.777,1314.6855475638306,4.755679939555056
778,0.778,1318.7121485920136,4.790344152790798
779,0.779,1299.1964959073998,4.71738136404027
780,0.78,1338.6479476997795,4.880322808515964
781,0.781,1299.7000969007443,4.664036622263189
782,0.782,1312.6689218983927,4.752162306382766
783,0.783,1325.6862525006777,4.832633709683302
784,0.784,1317.3076443778668,4.719250709765937
785,0.785,1294.0210977940412,4.655276068411577
786,0.786,1312.3836055846218,4.71216991533357
787,0.787,1300.9458318270197,4.695287762447944
788,0.788,1317.8998176743899,4.78984412240923
789,0.789,1304.725791394428,4.7192926826420285
790,0.79,1310.8261162136296,4.715004253646239
791,0.791,1328.9352165719265,4.81332558709049
792,0.792,1291.2209768826244,4.667365799079392
793,0.793,1323.6133400957863,4.760309988724327
794,0.794,1321.8691190308368,4.796277191914188
795,0.795,1320.09866224723,4.741521243839029
796,0.796,1306.8791868751773,4.734812901238249
797,0.797,1353.8461192369111,4.960704325116099
798,0.798,1303.9068080754644,4.66278792141317
799,0.799,1302.9984894847573,4.676204450145916
800,0.8,1332.5547839657725,4.797200048122968
801,0.801,1320.234164067576,4.737024106989331
802,0.802,1314.4087174819708,4.704965095851643
803,0.803,1331.4087166064762,4.798618838707367
804,0.804,1305.0939790100083,4.6862243712776674
805,0.805,1318.5285099014059,4.750552404737796
806,0.806,1303.5417804090603,4.70833037714174
807,0.807,1330.283337684351,4.825024143904523
808,0.808,1346.0544607828488,4.841551080510786
809,0.809,1343.8289343760916,4.878253182172605
810,0.81,1300.0561731092664,4.634095189933841
811,0.811,1319.4767812920907,4.7491893108866545
812,0.812,1302.8025718356475,4.666651604732863
813,0.813,1282.73897294831,4.565380463186608
814,0.814,1341.8658250795836,4.857335128968061
815,0.815,1315.7829427063043,4.741671953856831
816,0.816,1331.7213992717097,4.787343808858292
817,0.817,1282.119691996285,4.593754859467023
818,0.818,1328.1699415111589,4.749452420256845
819,0.819,1269.0396347348546,4.512464509799071
820,0.82,1311.9262977347767,4.6994196821755665
821,0.821,1282.8406072646758,4.5611077229611885
822,0.822,1294.2373767573615,4.659382472940458
823,0.823,1298.0160562883111,4.638243432191942
824,0.824,1312.3347413671927,4.708113745675147
825,0.825,1301.1928243852285,4.666701171826919
826,0.826,1269.1159680867597,4.501750252912294
827,0.827,1280.9344056970654,4.610598957283567
828,0.828,1251.7877192352014,4.392705259179965
829,0.829,1268.050651039853,4.489145600391864
830,0.83,1286.8623171677698,4.566660904704245
831,0.831,1290.8808917025115,4.573492793530537
832,0.832,1276.4512100106128,4.512405605783396
833,0.833,1272.3557347771814,4.542342993896431
834,0.834,1284.5987615245986,4.5699499650806095
835,0.835,1274.6768673207043,4.581748373829898
836,0.836,1270.9814514709813,4.5368774241710526
837,0.837,1273.2407067508448,4.495543539078423
838,0.838,1268.913551918849,4.498266794655024
839,0.839,1274.6658950572778,4.5352532358773985
840,0.84,1274.9885309731537,4.498960658990181
841,0.841,1270.333319794293,4.512444307312354
842,0.842,1266.5882583436423,4.456389282748322
843,0.843,1267.2304499635409,4.500185279058049
844,0.844,1279.3041464979196,4.550540349955427
845,0.845,1292.722837230195,4.579292258865648
846,0.846,1308.0556712027944,4.687510861037685
847,0.847,1284.8742859725432,4.53513345507978
848,0.848,1282.297522057089,4.548053887433039
849,0.849,1266.5593343515388,4.497539309865551
850,0.85,1276.632283602371,4.524104876681103
851,0.851,1270.3460512573158,4.517784710785977
852,0.852,1258.5787455088368,4.450590425288495
853,0.853,1284.7493517511468,4.55434278694861
854,0.854,1267.009569608553,4.497313184044048
855,0.855,1281.9029816149837,4.535444015834291
856,0.856,1262.4167735963806,4.465192526973232
857,0.857,1277.6058836345683,4.540114396633827
858,0.858,1257.6508165891235,4.409515819345867
859,0.859,1266.4175254241359,4.497848249448446
860,0.86,1283.9472015723302,4.558914026400806
861,0.861,1263.5839977155767,4.463100412672157
862,0.862,1276.1925114346445,4.515958290736692
863,0.863,1252.9158261598684,4.444106942453786
864,0.864,1263.8274604469134,4.478096917352001
865,0.865,1267.9702969912503,4.529960137628597
866,0.866,1284.6185400713523,4.579764042766532
867,0.867,1285.2313189652857,4.526002735524889
868,0.868,1283.2549752815478,4.548986120179037
869,0.869,1251.1854396428,4.4083514576222065
870,0.87,1264.4650701228043,4.431056809948933
871,0.871,1258.4426760132317,4.427379349401407
872,0.872,1290.9945956267343,4.612040155631292
873,0.873,1262.369484093445,4.4482191317190924
874,0.874,1274.82567767385,4.499807119201701
875,0.875,1232.6362982746998,4.2507474910501
876,0.876,1277.5376360011155,4.526448771844492
877,0.877,1238.3299659707013,4.302910381856924
878,0.878,1253.02900797036,4.378268759365296
879,0.879,1246.6942776427734,4.396817533743933
880,0.88,1272.8913911579973,4.528309822587849
881,0.881,1236.9521020938348,4.298866282654909
882,0.882,1246.0522064790514,4.402815884178816
883,0.883,1264.0370126858675,4.461938164150071
884,0.884,1269.7402145465262,4.526670093061016
885,0.885,1251.8425786299863,4.38879728582946
886,0.886,1235.2876376914753,4.339218423429085
887,0.887,1255.3651277509175,4.422520282874644
888,0.888,1239.0975928639054,4.305682189500658
889,0.889,1244.2137735811493,4.404410266120263
890,0.89,1247.6529472927057,4.392521900603428
891,0.891,1248.5654769232515,4.434440247558261
892,0.892,1240.979077496779,4.332295558554712
893,0.893,1259.9145158714525,4.47016172316269
894,0.894,1258.3655831299682,4.437370033701792
895,0.895,1244.7366710013664,4.3846125856897205
896,0.896,1276.1005848209888,4.534282962417021
897,0.897,1243.0349619840044,4.377186939488404
898,0.898,1243.0083060757497,4.370302275589988
899,0.899,1280.4954731805583,4.546145803017489
900,0.9,1282.144225555061,4.544157882556283
901,0.901,1274.5791253830714,4.504817795882027
902,0.902,1266.8924127895623,4.46210394431036
903,0.903,1235.858495369531,4.318799701138004
904,0.904,1277.157020358977,4.533944574684891
905,0.905,1259.4918988655793,4.410526081854043
906,0.906,1274.479838196912,4.469265100705573
907,0.907,1265.4712757063148,4.475671019647011
908,0.908,1282.043531009812,4.579350946375939
909,0.909,1245.1892756976558,4.352570119775461
910,0.91,1250.1655243921239,4.366629904823195
911,0.911,1267.3565632307211,4.453312676646091
912,0.912,1268.7537704550564,4.469297733256246
913,0.913,1266.0258912716886,4.46780699068322
914,0.914,1272.3382314956118,4.4641863009419875
915,0.915,1250.7556122433002,4.37117246962958
916,0.916,1245.0558572557475,4.335144614452488
917,0.917,1256.0683070500356,4.415013122748381
918,0.918,1252.0004289959563,4.411995461343768
919,0.919,1255.8349401207129,4.410145409078733
920,0.92,1261.2736348829092,4.411026488385885
921,0.921,1248.4384082318015,4.39914232215143
922,0.922,1268.2995274023456,4.436631442125746
923,0.923,1246.1759004686232,4.32372167789533
924,0.924,1244.003579909615,4.349252727688072
925,0.925,1244.5242051744474,4.361622873610777
926,0.926,1264.6014456588175,4.4615650889271805
927,0.927,1241.1492449730408,4.317276610942311
928,0.928,1246.6918953844204,4.352956011355491
929,0.929,1199.4743161693707,4.139090850243096
930,0.93,1222.7642427794035,4.2717543066316415
931,0.931,1197.75965014389,4.154725832119103
932,0.932,1229.603830085433,4.299214307874316
933,0.933,1207.0803663869956,4.201197933699996
934,0.934,1253.2938893609721,4.400546712016818
935,0.935,1237.8323848124012,4.2873088558117365
936,0.936,1255.1873852793447,4.39098642968164
937,0.937,1245.5096464979586,4.339422847175591
938,0.938,1224.894977368756,4.234093890566952
939,0.939,1219.370812632324,4.203325751227758
940,0.94,1238.3585013851348,4.352813360304724
941,0.941,1221.7646023245582,4.2462645526108895
942,0.942,1244.8401991671913,4.323568822612489
943,0.943,1246.674101879959,4.3456892697274
944,0.944,1237.8612861261881,4.3273230119346815
945,0.945,1241.5760421000298,4.300265222046136
946,0.946,1206.492338887121,4.1970047421060475
947,0.947,1276.2681206522125,4.486492550230048
948,0.948,1241.77279013048,4.358336812166991
949,0.949,1222.7038839794518,4.186005821401338
950,0.95,1244.527869438939,4.349510308498513
951,0.951,1257.6647709662848,4.373840541231324
952,0.952,1219.2704644047956,4.268863774928975
953,0.953,1194.0316235404425,4.096438581702948
954,0.954,1212.134485345506,4.184564749758815
955,0.955,1240.3491599592353,4.278472260101333
956,0.956,1199.8963066500094,4.137607368223548
957,0.957,1204.8576473147114,4.156638887843726
958,0.958,1240.1539187116284,4.2960988227867505
959,0.959,1196.3399701857866,4.080666855232197
960,0.96,1249.5760329790305,4.355697061947372
961,0.961,1153.0409484345016,3.906736280768086
962,0.962,1219.8016536139596,4.249665065107421
963,0.963,1214.4437240014813,4.2112231213265305
964,0.964,1224.6330540347155,4.250371473694258
965,0.965,1222.0861057452678,4.184454023970818
966,0.966,1215.8472759614442,4.203747872169837
967,0.967,1218.0226468599265,4.204288277381049
968,0.968,1259.7660538261168,4.352744313033825
969,0.969,1231.430585374775,4.2575837845471565
970,0.97,1247.9053998754491,4.317910862720774
971,0.971,1233.9950285700236,4.2884876033513315
972,0.972,1228.8236694008697,4.261420044664839
973,0.973,1250.5394003931742,4.319660374112824
974,0.974,1222.5063102169015,4.210885037136695
975,0.975,1244.0002728536904,4.315845038335589
976,0.976,1216.4330513824787,4.1804361095426525
977,0.977,1237.5507298933567,4.27929589119813
978,0.978,1202.558723975809,4.108780586554596
979,0.979,1228.1154891239628,4.244635851294372
980,0.98,1213.604905200481,4.174426706004
981,0.981,1237.8049602158158,4.272266142177928
982,0.982,1223.2344409001473,4.225776417742122
983,0.983,1206.006144307029,4.149631771161651
984,0.984,1239.1839506987285,4.303879832465425
985,0.985,1199.268493497322,4.1137118068855685
986,0.986,1221.0712411731247,4.152920884617048
987,0.987,1214.5291876541594,4.175729358256397
988,0.988,1200.1885663103453,4.1272981393053545
989,0.989,1221.1729966602695,4.214593714889328
990,0.99,1224.5860478270185,4.23781332788272
991,0.991,1225.428005542743,4.251095573568323
992,0.992,1208.0061333299207,4.180382040496661
993,0.993,1202.5055112290872,4.126040011060273
994,0.994,1195.9048486678514,4.110541693647322
995,0.995,1212.086931354236,4.156756729645892
996,0.996,1199.6498442128188,4.114101565821736
997,0.997,1195.2937507212039,4.055993763361166
998,0.998,1237.0063933461631,4.252322749824699
999,0.999,1226.2787527345345,4.243732723747651
